{"xy_sens": 11.5, "targeting_sens": 75.0, "xy_scale": 0.8695652173913043, "targeting_scale": 1.1594202898550725}